timestamp,com,length,fields
2025-06-20T15:37:47.521099,32,7,"{'decimal_place': False, 'unit': 'meter', 'current_count': 0, 'current_speed': 0, 'shift': 2}"
2025-06-20T15:37:48.522020,32,7,"{'decimal_place': False, 'unit': 'meter', 'current_count': 0, 'current_speed': 0, 'shift': 3}"
2025-06-20T15:37:49.526863,32,7,"{'decimal_place': False, 'unit': 'meter', 'current_count': 0, 'current_speed': 0, 'shift': 3}"
2025-06-20T15:37:50.528555,32,7,"{'decimal_place': False, 'unit': 'meter', 'current_count': 0, 'current_speed': 0, 'shift': 1}"
2025-06-20T15:37:51.529894,32,7,"{'decimal_place': False, 'unit': 'meter', 'current_count': 0, 'current_speed': 0, 'shift': 2}"
2025-06-20T15:37:52.532648,32,7,"{'decimal_place': False, 'unit': 'meter', 'current_count': 0, 'current_speed': 0, 'shift': 1}"
2025-06-20T15:37:53.533896,32,7,"{'decimal_place': False, 'unit': 'meter', 'current_count': 0, 'current_speed': 0, 'shift': 1}"
2025-06-20T15:37:54.536502,32,7,"{'decimal_place': False, 'unit': 'meter', 'current_count': 0, 'current_speed': 0, 'shift': 3}"
2025-06-20T15:37:57.542481,32,7,"{'decimal_place': False, 'unit': 'meter', 'current_count': 0, 'current_speed': 0, 'shift': 1}"
2025-06-20T15:37:58.543951,32,7,"{'decimal_place': False, 'unit': 'meter', 'current_count': 0, 'current_speed': 0, 'shift': 1}"
2025-06-20T15:37:59.546844,32,7,"{'decimal_place': False, 'unit': 'meter', 'current_count': 0, 'current_speed': 0, 'shift': 2}"
2025-06-20T15:38:00.549185,32,7,"{'decimal_place': False, 'unit': 'meter', 'current_count': 0, 'current_speed': 0, 'shift': 1}"
2025-06-20T15:38:01.551832,32,7,"{'decimal_place': False, 'unit': 'meter', 'current_count': 0, 'current_speed': 0, 'shift': 1}"
2025-06-20T15:38:02.554055,32,7,"{'decimal_place': False, 'unit': 'meter', 'current_count': 0, 'current_speed': 0, 'shift': 1}"
2025-06-20T15:38:03.557126,32,7,"{'decimal_place': False, 'unit': 'meter', 'current_count': 0, 'current_speed': 0, 'shift': 3}"
2025-06-20T15:38:04.559423,32,7,"{'decimal_place': False, 'unit': 'meter', 'current_count': 0, 'current_speed': 0, 'shift': 3}"
2025-06-20T15:38:05.561700,32,7,"{'decimal_place': False, 'unit': 'meter', 'current_count': 0, 'current_speed': 0, 'shift': 3}"
2025-06-20T15:38:06.563823,32,7,"{'decimal_place': False, 'unit': 'meter', 'current_count': 0, 'current_speed': 0, 'shift': 2}"
2025-06-20T15:38:07.565999,32,7,"{'decimal_place': False, 'unit': 'meter', 'current_count': 0, 'current_speed': 0, 'shift': 3}"
2025-06-20T15:38:08.568947,32,7,"{'decimal_place': False, 'unit': 'meter', 'current_count': 0, 'current_speed': 0, 'shift': 1}"
2025-06-20T15:38:09.570405,32,7,"{'decimal_place': False, 'unit': 'meter', 'current_count': 0, 'current_speed': 0, 'shift': 3}"
2025-06-20T15:38:10.576025,32,7,"{'decimal_place': False, 'unit': 'meter', 'current_count': 0, 'current_speed': 0, 'shift': 1}"
2025-06-20T15:38:11.578586,32,7,"{'decimal_place': False, 'unit': 'meter', 'current_count': 0, 'current_speed': 0, 'shift': 2}"
2025-06-20T15:38:12.581060,32,7,"{'decimal_place': False, 'unit': 'meter', 'current_count': 0, 'current_speed': 0, 'shift': 3}"
2025-06-20T15:38:13.582623,32,7,"{'decimal_place': False, 'unit': 'meter', 'current_count': 0, 'current_speed': 0, 'shift': 2}"
2025-06-20T15:38:14.586046,32,7,"{'decimal_place': False, 'unit': 'meter', 'current_count': 0, 'current_speed': 0, 'shift': 3}"
2025-06-20T15:38:15.591197,32,7,"{'decimal_place': False, 'unit': 'meter', 'current_count': 0, 'current_speed': 0, 'shift': 1}"
2025-06-20T15:38:16.593012,32,7,"{'decimal_place': False, 'unit': 'meter', 'current_count': 0, 'current_speed': 0, 'shift': 1}"
2025-06-20T15:38:17.593869,32,7,"{'decimal_place': False, 'unit': 'meter', 'current_count': 0, 'current_speed': 0, 'shift': 2}"
2025-06-20T15:38:18.595365,32,7,"{'decimal_place': False, 'unit': 'meter', 'current_count': 0, 'current_speed': 0, 'shift': 2}"
2025-06-20T15:38:19.597405,32,7,"{'decimal_place': False, 'unit': 'meter', 'current_count': 0, 'current_speed': 0, 'shift': 2}"
2025-06-20T15:38:20.599390,32,7,"{'decimal_place': False, 'unit': 'meter', 'current_count': 0, 'current_speed': 0, 'shift': 2}"
2025-06-20T15:38:21.601554,32,7,"{'decimal_place': False, 'unit': 'meter', 'current_count': 0, 'current_speed': 0, 'shift': 3}"
2025-06-20T15:38:22.605013,32,7,"{'decimal_place': False, 'unit': 'meter', 'current_count': 0, 'current_speed': 0, 'shift': 1}"
2025-06-20T15:38:23.607224,32,7,"{'decimal_place': False, 'unit': 'meter', 'current_count': 0, 'current_speed': 0, 'shift': 1}"
2025-06-20T15:38:27.611379,32,7,"{'decimal_place': False, 'unit': 'meter', 'current_count': 0, 'current_speed': 53, 'shift': 1}"
2025-06-20T15:38:28.612391,32,7,"{'decimal_place': False, 'unit': 'meter', 'current_count': 0, 'current_speed': 53, 'shift': 2}"
2025-06-20T15:38:29.614031,32,7,"{'decimal_place': False, 'unit': 'meter', 'current_count': 0, 'current_speed': 53, 'shift': 2}"
2025-06-20T15:38:30.616250,32,7,"{'decimal_place': False, 'unit': 'meter', 'current_count': 1, 'current_speed': 98, 'shift': 2}"
2025-06-20T15:38:31.618335,32,7,"{'decimal_place': False, 'unit': 'meter', 'current_count': 2, 'current_speed': 98, 'shift': 2}"
2025-06-20T15:38:32.620867,32,7,"{'decimal_place': False, 'unit': 'meter', 'current_count': 3, 'current_speed': 98, 'shift': 2}"
2025-06-20T15:38:33.622273,32,7,"{'decimal_place': False, 'unit': 'meter', 'current_count': 4, 'current_speed': 98, 'shift': 2}"
2025-06-20T15:38:37.627122,32,7,"{'decimal_place': False, 'unit': 'meter', 'current_count': 5, 'current_speed': 98, 'shift': 2}"
2025-06-20T15:38:38.629789,32,7,"{'decimal_place': False, 'unit': 'meter', 'current_count': 6, 'current_speed': 98, 'shift': 2}"
2025-06-20T15:38:39.631697,32,7,"{'decimal_place': False, 'unit': 'meter', 'current_count': 7, 'current_speed': 98, 'shift': 2}"
2025-06-20T15:38:40.634181,32,7,"{'decimal_place': False, 'unit': 'meter', 'current_count': 8, 'current_speed': 98, 'shift': 2}"
2025-06-20T15:38:41.638015,32,7,"{'decimal_place': False, 'unit': 'meter', 'current_count': 9, 'current_speed': 98, 'shift': 2}"
2025-06-20T15:38:42.639177,32,7,"{'decimal_place': False, 'unit': 'meter', 'current_count': 10, 'current_speed': 98, 'shift': 2}"
2025-06-20T15:38:43.641415,32,7,"{'decimal_place': False, 'unit': 'meter', 'current_count': 10, 'current_speed': 32, 'shift': 2}"
2025-06-20T15:38:44.643710,32,7,"{'decimal_place': False, 'unit': 'meter', 'current_count': 10, 'current_speed': 32, 'shift': 2}"
2025-06-20T15:38:45.645914,32,7,"{'decimal_place': False, 'unit': 'meter', 'current_count': 10, 'current_speed': 32, 'shift': 2}"
2025-06-20T15:38:46.648463,32,7,"{'decimal_place': False, 'unit': 'meter', 'current_count': 10, 'current_speed': 45, 'shift': 2}"
2025-06-20T15:38:47.651123,32,7,"{'decimal_place': False, 'unit': 'meter', 'current_count': 10, 'current_speed': 45, 'shift': 2}"
2025-06-20T15:38:48.654239,32,7,"{'decimal_place': False, 'unit': 'meter', 'current_count': 10, 'current_speed': 45, 'shift': 2}"
2025-06-20T15:38:49.656666,32,7,"{'decimal_place': False, 'unit': 'meter', 'current_count': 10, 'current_speed': 45, 'shift': 2}"
2025-06-20T15:38:50.659294,32,7,"{'decimal_place': False, 'unit': 'meter', 'current_count': 10, 'current_speed': 45, 'shift': 2}"
2025-06-20T15:38:51.661900,32,7,"{'decimal_place': False, 'unit': 'meter', 'current_count': 10, 'current_speed': 45, 'shift': 2}"
2025-06-20T15:38:52.664577,32,7,"{'decimal_place': False, 'unit': 'meter', 'current_count': 10, 'current_speed': 45, 'shift': 2}"
2025-06-20T15:38:53.665723,32,7,"{'decimal_place': False, 'unit': 'meter', 'current_count': 10, 'current_speed': 45, 'shift': 2}"
2025-06-20T15:38:57.669521,32,7,"{'decimal_place': False, 'unit': 'meter', 'current_count': 10, 'current_speed': 45, 'shift': 2}"
2025-06-20T15:38:58.673054,32,7,"{'decimal_place': False, 'unit': 'meter', 'current_count': 10, 'current_speed': 45, 'shift': 2}"
2025-06-20T15:39:07.696245,32,7,"{'decimal_place': False, 'unit': 'meter', 'current_count': 0, 'current_speed': 0, 'shift': 1}"
2025-06-20T15:39:08.702079,32,7,"{'decimal_place': False, 'unit': 'meter', 'current_count': 0, 'current_speed': 0, 'shift': 2}"
2025-06-20T15:39:09.707388,32,7,"{'decimal_place': False, 'unit': 'meter', 'current_count': 0, 'current_speed': 0, 'shift': 1}"
2025-06-20T15:39:10.709658,32,7,"{'decimal_place': False, 'unit': 'meter', 'current_count': 0, 'current_speed': 0, 'shift': 2}"
2025-06-20T15:39:11.711531,32,7,"{'decimal_place': False, 'unit': 'meter', 'current_count': 0, 'current_speed': 0, 'shift': 3}"
2025-06-20T15:39:12.713613,32,7,"{'decimal_place': False, 'unit': 'meter', 'current_count': 0, 'current_speed': 0, 'shift': 2}"
2025-06-20T15:39:13.716755,32,7,"{'decimal_place': False, 'unit': 'meter', 'current_count': 0, 'current_speed': 0, 'shift': 2}"
2025-06-20T15:39:14.722202,32,7,"{'decimal_place': False, 'unit': 'meter', 'current_count': 1, 'current_speed': 89, 'shift': 2}"
2025-06-20T15:39:15.723846,32,7,"{'decimal_place': False, 'unit': 'meter', 'current_count': 2, 'current_speed': 89, 'shift': 2}"
2025-06-20T15:39:16.725988,32,7,"{'decimal_place': False, 'unit': 'meter', 'current_count': 3, 'current_speed': 89, 'shift': 2}"
2025-06-20T15:39:17.728755,32,7,"{'decimal_place': False, 'unit': 'meter', 'current_count': 4, 'current_speed': 89, 'shift': 2}"
2025-06-20T15:39:18.731907,32,7,"{'decimal_place': False, 'unit': 'meter', 'current_count': 5, 'current_speed': 89, 'shift': 2}"
2025-06-20T15:39:19.733170,32,7,"{'decimal_place': False, 'unit': 'meter', 'current_count': 6, 'current_speed': 89, 'shift': 2}"
2025-06-20T15:39:20.739767,32,7,"{'decimal_place': False, 'unit': 'meter', 'current_count': 7, 'current_speed': 89, 'shift': 2}"
2025-06-20T15:39:21.741777,32,7,"{'decimal_place': False, 'unit': 'meter', 'current_count': 8, 'current_speed': 89, 'shift': 2}"
2025-06-20T15:39:22.743782,32,7,"{'decimal_place': False, 'unit': 'meter', 'current_count': 9, 'current_speed': 89, 'shift': 2}"
2025-06-20T15:39:23.745514,32,7,"{'decimal_place': False, 'unit': 'meter', 'current_count': 10, 'current_speed': 89, 'shift': 2}"
2025-06-20T15:39:24.747994,32,7,"{'decimal_place': False, 'unit': 'meter', 'current_count': 11, 'current_speed': 89, 'shift': 2}"
2025-06-20T15:39:25.750950,32,7,"{'decimal_place': False, 'unit': 'meter', 'current_count': 12, 'current_speed': 89, 'shift': 2}"
2025-06-20T15:39:26.754874,32,7,"{'decimal_place': False, 'unit': 'meter', 'current_count': 13, 'current_speed': 95, 'shift': 2}"
2025-06-20T15:39:27.757906,32,7,"{'decimal_place': False, 'unit': 'meter', 'current_count': 14, 'current_speed': 95, 'shift': 2}"
2025-06-20T15:39:28.760432,32,7,"{'decimal_place': False, 'unit': 'meter', 'current_count': 15, 'current_speed': 95, 'shift': 2}"
2025-06-20T15:39:29.762867,32,7,"{'decimal_place': False, 'unit': 'meter', 'current_count': 16, 'current_speed': 95, 'shift': 2}"
2025-06-20T15:39:30.764655,32,7,"{'decimal_place': False, 'unit': 'meter', 'current_count': 17, 'current_speed': 95, 'shift': 2}"
2025-06-20T15:39:31.768411,32,7,"{'decimal_place': False, 'unit': 'meter', 'current_count': 18, 'current_speed': 95, 'shift': 2}"
2025-06-20T15:39:32.773243,32,7,"{'decimal_place': False, 'unit': 'meter', 'current_count': 19, 'current_speed': 95, 'shift': 2}"
2025-06-20T15:39:37.792450,32,7,"{'decimal_place': False, 'unit': 'meter', 'current_count': 0, 'current_speed': 0, 'shift': 1}"
2025-06-20T15:39:38.793904,32,7,"{'decimal_place': False, 'unit': 'meter', 'current_count': 0, 'current_speed': 0, 'shift': 3}"
2025-06-20T15:39:39.796317,32,7,"{'decimal_place': False, 'unit': 'meter', 'current_count': 0, 'current_speed': 0, 'shift': 1}"
2025-06-20T15:39:40.799482,32,7,"{'decimal_place': False, 'unit': 'meter', 'current_count': 0, 'current_speed': 0, 'shift': 3}"
2025-06-20T15:39:41.802890,32,7,"{'decimal_place': False, 'unit': 'meter', 'current_count': 0, 'current_speed': 0, 'shift': 2}"
2025-06-20T15:39:42.806517,32,7,"{'decimal_place': False, 'unit': 'meter', 'current_count': 0, 'current_speed': 20, 'shift': 2}"
2025-06-20T15:39:43.809190,32,7,"{'decimal_place': False, 'unit': 'meter', 'current_count': 0, 'current_speed': 20, 'shift': 3}"
2025-06-20T15:39:44.811663,32,7,"{'decimal_place': False, 'unit': 'meter', 'current_count': 0, 'current_speed': 20, 'shift': 3}"
2025-06-20T15:39:45.813439,32,7,"{'decimal_place': False, 'unit': 'meter', 'current_count': 0, 'current_speed': 20, 'shift': 3}"
2025-06-20T15:39:46.815882,32,7,"{'decimal_place': False, 'unit': 'meter', 'current_count': 0, 'current_speed': 20, 'shift': 2}"
2025-06-20T15:39:47.817061,32,7,"{'decimal_place': False, 'unit': 'meter', 'current_count': 0, 'current_speed': 20, 'shift': 1}"
2025-06-20T15:39:48.820892,32,7,"{'decimal_place': False, 'unit': 'meter', 'current_count': 0, 'current_speed': 20, 'shift': 3}"
2025-06-20T15:39:49.822248,32,7,"{'decimal_place': False, 'unit': 'meter', 'current_count': 0, 'current_speed': 20, 'shift': 1}"
2025-06-20T15:39:50.824457,32,7,"{'decimal_place': False, 'unit': 'meter', 'current_count': 1, 'current_speed': 69, 'shift': 1}"
2025-06-20T15:39:51.826818,32,7,"{'decimal_place': False, 'unit': 'meter', 'current_count': 2, 'current_speed': 69, 'shift': 1}"
2025-06-20T15:39:52.829671,32,7,"{'decimal_place': False, 'unit': 'meter', 'current_count': 3, 'current_speed': 69, 'shift': 1}"
2025-06-20T15:39:53.831477,32,7,"{'decimal_place': False, 'unit': 'meter', 'current_count': 4, 'current_speed': 69, 'shift': 1}"
2025-06-20T15:39:54.834467,32,7,"{'decimal_place': False, 'unit': 'meter', 'current_count': 5, 'current_speed': 69, 'shift': 1}"
2025-06-20T15:39:55.837272,32,7,"{'decimal_place': False, 'unit': 'meter', 'current_count': 6, 'current_speed': 69, 'shift': 1}"
2025-06-20T15:39:56.839074,32,7,"{'decimal_place': False, 'unit': 'meter', 'current_count': 6, 'current_speed': 5, 'shift': 1}"
2025-06-20T15:39:57.841737,32,7,"{'decimal_place': False, 'unit': 'meter', 'current_count': 6, 'current_speed': 5, 'shift': 1}"
2025-06-20T15:39:58.844647,32,7,"{'decimal_place': False, 'unit': 'meter', 'current_count': 6, 'current_speed': 5, 'shift': 1}"
2025-06-20T15:39:59.847453,32,7,"{'decimal_place': False, 'unit': 'meter', 'current_count': 6, 'current_speed': 5, 'shift': 1}"
2025-06-20T15:40:00.849332,32,7,"{'decimal_place': False, 'unit': 'meter', 'current_count': 6, 'current_speed': 5, 'shift': 1}"
2025-06-20T15:40:01.854869,32,7,"{'decimal_place': False, 'unit': 'meter', 'current_count': 6, 'current_speed': 5, 'shift': 1}"
2025-06-20T15:40:02.857422,32,7,"{'decimal_place': False, 'unit': 'meter', 'current_count': 6, 'current_speed': 5, 'shift': 1}"
2025-06-20T15:40:03.859623,32,7,"{'decimal_place': False, 'unit': 'meter', 'current_count': 6, 'current_speed': 5, 'shift': 1}"
2025-06-20T15:40:04.861365,32,7,"{'decimal_place': False, 'unit': 'meter', 'current_count': 6, 'current_speed': 5, 'shift': 1}"
2025-06-20T15:40:05.864016,32,7,"{'decimal_place': False, 'unit': 'meter', 'current_count': 6, 'current_speed': 5, 'shift': 1}"
2025-06-20T15:40:06.867105,32,7,"{'decimal_place': False, 'unit': 'meter', 'current_count': 6, 'current_speed': 5, 'shift': 1}"
2025-06-20T15:40:07.869643,32,7,"{'decimal_place': False, 'unit': 'meter', 'current_count': 6, 'current_speed': 5, 'shift': 1}"
2025-06-20T15:40:08.873003,32,7,"{'decimal_place': False, 'unit': 'meter', 'current_count': 6, 'current_speed': 5, 'shift': 1}"
2025-06-20T15:40:09.875490,32,7,"{'decimal_place': False, 'unit': 'meter', 'current_count': 6, 'current_speed': 5, 'shift': 1}"
2025-06-20T15:40:10.878157,32,7,"{'decimal_place': False, 'unit': 'meter', 'current_count': 6, 'current_speed': 5, 'shift': 1}"
2025-06-20T15:40:11.879919,32,7,"{'decimal_place': False, 'unit': 'meter', 'current_count': 6, 'current_speed': 5, 'shift': 1}"
2025-06-20T15:40:12.883251,32,7,"{'decimal_place': False, 'unit': 'meter', 'current_count': 6, 'current_speed': 0, 'shift': 1}"
2025-06-20T15:40:13.884841,32,7,"{'decimal_place': False, 'unit': 'meter', 'current_count': 6, 'current_speed': 0, 'shift': 1}"
2025-06-20T15:40:14.887924,32,7,"{'decimal_place': False, 'unit': 'meter', 'current_count': 6, 'current_speed': 0, 'shift': 1}"
2025-06-20T15:40:15.889142,32,7,"{'decimal_place': False, 'unit': 'meter', 'current_count': 6, 'current_speed': 0, 'shift': 1}"
2025-06-20T15:40:16.891404,32,7,"{'decimal_place': False, 'unit': 'meter', 'current_count': 6, 'current_speed': 0, 'shift': 1}"
2025-06-20T15:40:17.893994,32,7,"{'decimal_place': False, 'unit': 'meter', 'current_count': 6, 'current_speed': 0, 'shift': 1}"
2025-06-20T15:40:18.896306,32,7,"{'decimal_place': False, 'unit': 'meter', 'current_count': 6, 'current_speed': 0, 'shift': 1}"
2025-06-20T15:40:19.898246,32,7,"{'decimal_place': False, 'unit': 'meter', 'current_count': 6, 'current_speed': 0, 'shift': 1}"
2025-06-20T15:40:20.904037,32,7,"{'decimal_place': False, 'unit': 'meter', 'current_count': 6, 'current_speed': 0, 'shift': 1}"
2025-06-20T15:40:21.906618,32,7,"{'decimal_place': False, 'unit': 'meter', 'current_count': 6, 'current_speed': 0, 'shift': 1}"
2025-06-20T15:40:22.907951,32,7,"{'decimal_place': False, 'unit': 'meter', 'current_count': 6, 'current_speed': 0, 'shift': 1}"
2025-06-20T15:40:23.910223,32,7,"{'decimal_place': False, 'unit': 'meter', 'current_count': 6, 'current_speed': 0, 'shift': 1}"
2025-06-20T15:40:24.913520,32,7,"{'decimal_place': False, 'unit': 'meter', 'current_count': 6, 'current_speed': 0, 'shift': 1}"
2025-06-20T15:40:25.916824,32,7,"{'decimal_place': False, 'unit': 'meter', 'current_count': 7, 'current_speed': 88, 'shift': 1}"
2025-06-20T15:40:26.918511,32,7,"{'decimal_place': False, 'unit': 'meter', 'current_count': 8, 'current_speed': 88, 'shift': 1}"
2025-06-20T15:40:27.921677,32,7,"{'decimal_place': False, 'unit': 'meter', 'current_count': 9, 'current_speed': 95, 'shift': 1}"
2025-06-20T15:40:28.923691,32,7,"{'decimal_place': False, 'unit': 'meter', 'current_count': 10, 'current_speed': 95, 'shift': 1}"
2025-06-20T15:40:29.925213,32,7,"{'decimal_place': False, 'unit': 'meter', 'current_count': 11, 'current_speed': 95, 'shift': 1}"
2025-06-20T15:40:30.927108,32,7,"{'decimal_place': False, 'unit': 'meter', 'current_count': 12, 'current_speed': 95, 'shift': 1}"
2025-06-20T15:40:31.930021,32,7,"{'decimal_place': False, 'unit': 'meter', 'current_count': 13, 'current_speed': 95, 'shift': 1}"
2025-06-20T15:40:32.935826,32,7,"{'decimal_place': False, 'unit': 'meter', 'current_count': 14, 'current_speed': 95, 'shift': 1}"
2025-06-20T15:40:33.937340,32,7,"{'decimal_place': False, 'unit': 'meter', 'current_count': 15, 'current_speed': 95, 'shift': 1}"
2025-06-20T15:40:34.939774,32,7,"{'decimal_place': False, 'unit': 'meter', 'current_count': 16, 'current_speed': 95, 'shift': 1}"
2025-06-20T15:40:35.945129,32,7,"{'decimal_place': False, 'unit': 'meter', 'current_count': 17, 'current_speed': 95, 'shift': 1}"
2025-06-20T15:40:36.947826,32,7,"{'decimal_place': False, 'unit': 'meter', 'current_count': 18, 'current_speed': 95, 'shift': 1}"
2025-06-20T15:40:37.950561,32,7,"{'decimal_place': False, 'unit': 'meter', 'current_count': 19, 'current_speed': 95, 'shift': 1}"
2025-06-20T15:40:38.954963,32,7,"{'decimal_place': False, 'unit': 'meter', 'current_count': 20, 'current_speed': 95, 'shift': 1}"
2025-06-20T15:40:39.957273,32,7,"{'decimal_place': False, 'unit': 'meter', 'current_count': 21, 'current_speed': 95, 'shift': 1}"
2025-06-20T15:40:40.959564,32,7,"{'decimal_place': False, 'unit': 'meter', 'current_count': 22, 'current_speed': 95, 'shift': 1}"
2025-06-20T15:40:41.961011,32,7,"{'decimal_place': False, 'unit': 'meter', 'current_count': 22, 'current_speed': 10, 'shift': 1}"
2025-06-20T15:40:42.963602,32,7,"{'decimal_place': False, 'unit': 'meter', 'current_count': 22, 'current_speed': 10, 'shift': 1}"
2025-06-20T15:40:43.970271,32,7,"{'decimal_place': False, 'unit': 'meter', 'current_count': 22, 'current_speed': 10, 'shift': 1}"
2025-06-20T15:40:44.971466,32,7,"{'decimal_place': False, 'unit': 'meter', 'current_count': 23, 'current_speed': 81, 'shift': 1}"
2025-06-20T15:40:45.973416,32,7,"{'decimal_place': False, 'unit': 'meter', 'current_count': 24, 'current_speed': 81, 'shift': 1}"
2025-06-20T15:40:46.975791,32,7,"{'decimal_place': False, 'unit': 'meter', 'current_count': 25, 'current_speed': 81, 'shift': 1}"
2025-06-20T15:40:47.977910,32,7,"{'decimal_place': False, 'unit': 'meter', 'current_count': 26, 'current_speed': 81, 'shift': 1}"
2025-06-20T15:40:48.980161,32,7,"{'decimal_place': False, 'unit': 'meter', 'current_count': 27, 'current_speed': 81, 'shift': 1}"
2025-06-20T15:40:49.983260,32,7,"{'decimal_place': False, 'unit': 'meter', 'current_count': 27, 'current_speed': 3, 'shift': 1}"
2025-06-20T15:40:50.986151,32,7,"{'decimal_place': False, 'unit': 'meter', 'current_count': 27, 'current_speed': 46, 'shift': 1}"
2025-06-20T15:40:51.988240,32,7,"{'decimal_place': False, 'unit': 'meter', 'current_count': 27, 'current_speed': 46, 'shift': 1}"
2025-06-20T15:40:52.990641,32,7,"{'decimal_place': False, 'unit': 'meter', 'current_count': 27, 'current_speed': 26, 'shift': 1}"
2025-06-20T15:40:53.993269,32,7,"{'decimal_place': False, 'unit': 'meter', 'current_count': 27, 'current_speed': 26, 'shift': 1}"
2025-06-20T15:40:54.996308,32,7,"{'decimal_place': False, 'unit': 'meter', 'current_count': 27, 'current_speed': 26, 'shift': 1}"
2025-06-20T15:40:55.999729,32,7,"{'decimal_place': False, 'unit': 'meter', 'current_count': 27, 'current_speed': 26, 'shift': 1}"
2025-06-20T15:40:57.001092,32,7,"{'decimal_place': False, 'unit': 'meter', 'current_count': 27, 'current_speed': 26, 'shift': 1}"
2025-06-20T15:40:58.003732,32,7,"{'decimal_place': False, 'unit': 'meter', 'current_count': 27, 'current_speed': 26, 'shift': 1}"
2025-06-20T15:40:59.006746,32,7,"{'decimal_place': False, 'unit': 'meter', 'current_count': 27, 'current_speed': 26, 'shift': 1}"
2025-06-20T15:41:00.008100,32,7,"{'decimal_place': False, 'unit': 'meter', 'current_count': 27, 'current_speed': 26, 'shift': 1}"
2025-06-20T15:41:01.011715,32,7,"{'decimal_place': False, 'unit': 'meter', 'current_count': 27, 'current_speed': 26, 'shift': 1}"
2025-06-20T15:41:02.016313,32,7,"{'decimal_place': False, 'unit': 'meter', 'current_count': 27, 'current_speed': 26, 'shift': 1}"
2025-06-20T15:41:03.019030,32,7,"{'decimal_place': False, 'unit': 'meter', 'current_count': 27, 'current_speed': 26, 'shift': 1}"
2025-06-20T15:41:04.020901,32,7,"{'decimal_place': False, 'unit': 'meter', 'current_count': 27, 'current_speed': 26, 'shift': 1}"
2025-06-20T15:41:05.023858,32,7,"{'decimal_place': False, 'unit': 'meter', 'current_count': 28, 'current_speed': 83, 'shift': 1}"
2025-06-20T15:41:06.026747,32,7,"{'decimal_place': False, 'unit': 'meter', 'current_count': 29, 'current_speed': 83, 'shift': 1}"
2025-06-20T15:41:07.029033,32,7,"{'decimal_place': False, 'unit': 'meter', 'current_count': 30, 'current_speed': 83, 'shift': 1}"
2025-06-20T15:41:08.030560,32,7,"{'decimal_place': False, 'unit': 'meter', 'current_count': 31, 'current_speed': 83, 'shift': 1}"
2025-06-20T15:41:09.032555,32,7,"{'decimal_place': False, 'unit': 'meter', 'current_count': 32, 'current_speed': 88, 'shift': 1}"
2025-06-20T15:41:10.034613,32,7,"{'decimal_place': False, 'unit': 'meter', 'current_count': 33, 'current_speed': 88, 'shift': 1}"
2025-06-20T15:41:11.036606,32,7,"{'decimal_place': False, 'unit': 'meter', 'current_count': 34, 'current_speed': 88, 'shift': 1}"
2025-06-20T15:41:12.039499,32,7,"{'decimal_place': False, 'unit': 'meter', 'current_count': 35, 'current_speed': 88, 'shift': 1}"
2025-06-20T15:41:13.041801,32,7,"{'decimal_place': False, 'unit': 'meter', 'current_count': 36, 'current_speed': 88, 'shift': 1}"
2025-06-20T15:41:14.043780,32,7,"{'decimal_place': False, 'unit': 'meter', 'current_count': 37, 'current_speed': 88, 'shift': 1}"
2025-06-20T15:41:15.045383,32,7,"{'decimal_place': False, 'unit': 'meter', 'current_count': 38, 'current_speed': 91, 'shift': 1}"
2025-06-20T15:41:16.052172,32,7,"{'decimal_place': False, 'unit': 'meter', 'current_count': 39, 'current_speed': 91, 'shift': 1}"
2025-06-20T15:41:17.054552,32,7,"{'decimal_place': False, 'unit': 'meter', 'current_count': 40, 'current_speed': 91, 'shift': 1}"
2025-06-20T15:41:18.056925,32,7,"{'decimal_place': False, 'unit': 'meter', 'current_count': 41, 'current_speed': 91, 'shift': 1}"
2025-06-20T15:41:19.058443,32,7,"{'decimal_place': False, 'unit': 'meter', 'current_count': 41, 'current_speed': 8, 'shift': 1}"
2025-06-20T15:41:20.061609,32,7,"{'decimal_place': False, 'unit': 'meter', 'current_count': 41, 'current_speed': 8, 'shift': 1}"
2025-06-20T15:41:21.066955,32,7,"{'decimal_place': False, 'unit': 'meter', 'current_count': 41, 'current_speed': 8, 'shift': 1}"
2025-06-20T15:41:22.068977,32,7,"{'decimal_place': False, 'unit': 'meter', 'current_count': 41, 'current_speed': 6, 'shift': 1}"
2025-06-20T15:41:23.071463,32,7,"{'decimal_place': False, 'unit': 'meter', 'current_count': 41, 'current_speed': 6, 'shift': 1}"
2025-06-20T15:41:24.074351,32,7,"{'decimal_place': False, 'unit': 'meter', 'current_count': 41, 'current_speed': 6, 'shift': 1}"
2025-06-20T15:41:25.077495,32,7,"{'decimal_place': False, 'unit': 'meter', 'current_count': 41, 'current_speed': 6, 'shift': 1}"
2025-06-20T15:41:26.079988,32,7,"{'decimal_place': False, 'unit': 'meter', 'current_count': 41, 'current_speed': 6, 'shift': 1}"
2025-06-20T15:41:27.085260,32,7,"{'decimal_place': False, 'unit': 'meter', 'current_count': 42, 'current_speed': 88, 'shift': 1}"
2025-06-20T15:41:28.088035,32,7,"{'decimal_place': False, 'unit': 'meter', 'current_count': 43, 'current_speed': 88, 'shift': 1}"
2025-06-20T15:41:29.089890,32,7,"{'decimal_place': False, 'unit': 'meter', 'current_count': 44, 'current_speed': 88, 'shift': 1}"
2025-06-20T15:41:30.092582,32,7,"{'decimal_place': False, 'unit': 'meter', 'current_count': 45, 'current_speed': 88, 'shift': 1}"
2025-06-20T15:41:31.095683,32,7,"{'decimal_place': False, 'unit': 'meter', 'current_count': 46, 'current_speed': 88, 'shift': 1}"
2025-06-20T15:41:32.101240,32,7,"{'decimal_place': False, 'unit': 'meter', 'current_count': 47, 'current_speed': 88, 'shift': 1}"
2025-06-20T15:41:33.103545,32,7,"{'decimal_place': False, 'unit': 'meter', 'current_count': 48, 'current_speed': 88, 'shift': 1}"
2025-06-20T15:41:34.105285,32,7,"{'decimal_place': False, 'unit': 'meter', 'current_count': 49, 'current_speed': 88, 'shift': 1}"
2025-06-20T15:41:35.108223,32,7,"{'decimal_place': False, 'unit': 'meter', 'current_count': 50, 'current_speed': 88, 'shift': 1}"
2025-06-20T15:41:36.110907,32,7,"{'decimal_place': False, 'unit': 'meter', 'current_count': 51, 'current_speed': 88, 'shift': 1}"
2025-06-20T15:41:37.112282,32,7,"{'decimal_place': False, 'unit': 'meter', 'current_count': 52, 'current_speed': 88, 'shift': 1}"
2025-06-20T15:41:38.117571,32,7,"{'decimal_place': False, 'unit': 'meter', 'current_count': 53, 'current_speed': 88, 'shift': 1}"
2025-06-20T15:41:39.119639,32,7,"{'decimal_place': False, 'unit': 'meter', 'current_count': 54, 'current_speed': 86, 'shift': 1}"
2025-06-20T15:41:40.121723,32,7,"{'decimal_place': False, 'unit': 'meter', 'current_count': 55, 'current_speed': 86, 'shift': 1}"
2025-06-20T15:41:41.123989,32,7,"{'decimal_place': False, 'unit': 'meter', 'current_count': 55, 'current_speed': 55, 'shift': 1}"
2025-06-20T15:41:42.127198,32,7,"{'decimal_place': False, 'unit': 'meter', 'current_count': 55, 'current_speed': 55, 'shift': 1}"
2025-06-20T15:41:43.129025,32,7,"{'decimal_place': False, 'unit': 'meter', 'current_count': 55, 'current_speed': 55, 'shift': 1}"
2025-06-20T15:41:44.133545,32,7,"{'decimal_place': False, 'unit': 'meter', 'current_count': 55, 'current_speed': 55, 'shift': 1}"
2025-06-20T15:41:45.135382,32,7,"{'decimal_place': False, 'unit': 'meter', 'current_count': 55, 'current_speed': 55, 'shift': 1}"
2025-06-20T15:41:46.138119,32,7,"{'decimal_place': False, 'unit': 'meter', 'current_count': 55, 'current_speed': 22, 'shift': 1}"
2025-06-20T15:41:47.141018,32,7,"{'decimal_place': False, 'unit': 'meter', 'current_count': 55, 'current_speed': 22, 'shift': 1}"
2025-06-20T15:41:48.142063,32,7,"{'decimal_place': False, 'unit': 'meter', 'current_count': 55, 'current_speed': 22, 'shift': 1}"
2025-06-20T15:41:49.143389,32,7,"{'decimal_place': False, 'unit': 'meter', 'current_count': 55, 'current_speed': 22, 'shift': 1}"
2025-06-20T15:41:50.147364,32,7,"{'decimal_place': False, 'unit': 'meter', 'current_count': 55, 'current_speed': 22, 'shift': 1}"
2025-06-20T15:41:51.152619,32,7,"{'decimal_place': False, 'unit': 'meter', 'current_count': 55, 'current_speed': 22, 'shift': 1}"
2025-06-20T15:41:52.153945,32,7,"{'decimal_place': False, 'unit': 'meter', 'current_count': 55, 'current_speed': 22, 'shift': 1}"
2025-06-20T15:41:53.156762,32,7,"{'decimal_place': False, 'unit': 'meter', 'current_count': 55, 'current_speed': 8, 'shift': 1}"
2025-06-20T15:41:54.159149,32,7,"{'decimal_place': False, 'unit': 'meter', 'current_count': 55, 'current_speed': 8, 'shift': 1}"
2025-06-20T15:41:55.162173,32,7,"{'decimal_place': False, 'unit': 'meter', 'current_count': 55, 'current_speed': 8, 'shift': 1}"
2025-06-20T15:41:56.163343,32,7,"{'decimal_place': False, 'unit': 'meter', 'current_count': 55, 'current_speed': 8, 'shift': 1}"
2025-06-20T15:41:57.164818,32,7,"{'decimal_place': False, 'unit': 'meter', 'current_count': 55, 'current_speed': 8, 'shift': 1}"
2025-06-20T15:41:58.168489,32,7,"{'decimal_place': False, 'unit': 'meter', 'current_count': 55, 'current_speed': 15, 'shift': 1}"
2025-06-20T15:41:59.170613,32,7,"{'decimal_place': False, 'unit': 'meter', 'current_count': 55, 'current_speed': 15, 'shift': 1}"
2025-06-20T15:42:00.172573,32,7,"{'decimal_place': False, 'unit': 'meter', 'current_count': 55, 'current_speed': 15, 'shift': 1}"
2025-06-20T15:42:01.176148,32,7,"{'decimal_place': False, 'unit': 'meter', 'current_count': 55, 'current_speed': 15, 'shift': 1}"
2025-06-20T15:42:02.178915,32,7,"{'decimal_place': False, 'unit': 'meter', 'current_count': 55, 'current_speed': 15, 'shift': 1}"
2025-06-20T15:42:03.181713,32,7,"{'decimal_place': False, 'unit': 'meter', 'current_count': 55, 'current_speed': 15, 'shift': 1}"
2025-06-20T15:42:04.185140,32,7,"{'decimal_place': False, 'unit': 'meter', 'current_count': 55, 'current_speed': 15, 'shift': 1}"
2025-06-20T15:42:05.188912,32,7,"{'decimal_place': False, 'unit': 'meter', 'current_count': 55, 'current_speed': 15, 'shift': 1}"
2025-06-20T15:42:06.191482,32,7,"{'decimal_place': False, 'unit': 'meter', 'current_count': 55, 'current_speed': 15, 'shift': 1}"
2025-06-20T15:42:07.193002,32,7,"{'decimal_place': False, 'unit': 'meter', 'current_count': 55, 'current_speed': 15, 'shift': 1}"
2025-06-20T15:42:08.196595,32,7,"{'decimal_place': False, 'unit': 'meter', 'current_count': 55, 'current_speed': 15, 'shift': 1}"
2025-06-20T15:42:09.200822,32,7,"{'decimal_place': False, 'unit': 'meter', 'current_count': 55, 'current_speed': 15, 'shift': 1}"
2025-06-20T15:42:10.202395,32,7,"{'decimal_place': False, 'unit': 'meter', 'current_count': 55, 'current_speed': 15, 'shift': 1}"
2025-06-20T15:42:11.205031,32,7,"{'decimal_place': False, 'unit': 'meter', 'current_count': 55, 'current_speed': 15, 'shift': 1}"
2025-06-20T15:42:12.207951,32,7,"{'decimal_place': False, 'unit': 'meter', 'current_count': 55, 'current_speed': 15, 'shift': 1}"
2025-06-20T15:42:13.211306,32,7,"{'decimal_place': False, 'unit': 'meter', 'current_count': 55, 'current_speed': 15, 'shift': 1}"
2025-06-20T15:42:14.213468,32,7,"{'decimal_place': False, 'unit': 'meter', 'current_count': 55, 'current_speed': 15, 'shift': 1}"
2025-06-20T15:42:15.218222,32,7,"{'decimal_place': False, 'unit': 'meter', 'current_count': 55, 'current_speed': 15, 'shift': 1}"
2025-06-20T15:42:16.220715,32,7,"{'decimal_place': False, 'unit': 'meter', 'current_count': 55, 'current_speed': 15, 'shift': 1}"
2025-06-20T15:42:17.223347,32,7,"{'decimal_place': False, 'unit': 'meter', 'current_count': 55, 'current_speed': 15, 'shift': 1}"
2025-06-20T15:42:18.224809,32,7,"{'decimal_place': False, 'unit': 'meter', 'current_count': 55, 'current_speed': 15, 'shift': 1}"
2025-06-20T15:42:19.227985,32,7,"{'decimal_place': False, 'unit': 'meter', 'current_count': 55, 'current_speed': 15, 'shift': 1}"
2025-06-20T15:42:20.233027,32,7,"{'decimal_place': False, 'unit': 'meter', 'current_count': 55, 'current_speed': 15, 'shift': 1}"
2025-06-20T15:42:21.235788,32,7,"{'decimal_place': False, 'unit': 'meter', 'current_count': 55, 'current_speed': 15, 'shift': 1}"
2025-06-20T15:42:22.239083,32,7,"{'decimal_place': False, 'unit': 'meter', 'current_count': 55, 'current_speed': 15, 'shift': 1}"
2025-06-20T15:42:23.242912,32,7,"{'decimal_place': False, 'unit': 'meter', 'current_count': 55, 'current_speed': 15, 'shift': 1}"
2025-06-20T15:42:24.246802,32,7,"{'decimal_place': False, 'unit': 'meter', 'current_count': 55, 'current_speed': 0, 'shift': 1}"
2025-06-20T15:42:25.250601,32,7,"{'decimal_place': False, 'unit': 'meter', 'current_count': 55, 'current_speed': 0, 'shift': 1}"
2025-06-20T15:42:26.254099,32,7,"{'decimal_place': False, 'unit': 'meter', 'current_count': 55, 'current_speed': 0, 'shift': 1}"
2025-06-20T15:42:27.258056,32,7,"{'decimal_place': False, 'unit': 'meter', 'current_count': 55, 'current_speed': 0, 'shift': 1}"
2025-06-20T15:42:28.262582,32,7,"{'decimal_place': False, 'unit': 'meter', 'current_count': 55, 'current_speed': 0, 'shift': 1}"
2025-06-20T15:42:29.264583,32,7,"{'decimal_place': False, 'unit': 'meter', 'current_count': 55, 'current_speed': 0, 'shift': 1}"
2025-06-20T15:42:30.269021,32,7,"{'decimal_place': False, 'unit': 'meter', 'current_count': 55, 'current_speed': 0, 'shift': 1}"
2025-06-20T15:42:31.273126,32,7,"{'decimal_place': False, 'unit': 'meter', 'current_count': 55, 'current_speed': 0, 'shift': 1}"
2025-06-20T15:42:32.276660,32,7,"{'decimal_place': False, 'unit': 'meter', 'current_count': 55, 'current_speed': 0, 'shift': 1}"
2025-06-20T15:42:33.279356,32,7,"{'decimal_place': False, 'unit': 'meter', 'current_count': 55, 'current_speed': 0, 'shift': 1}"
2025-06-20T15:42:34.284214,32,7,"{'decimal_place': False, 'unit': 'meter', 'current_count': 55, 'current_speed': 59, 'shift': 1}"
2025-06-20T15:42:35.286914,32,7,"{'decimal_place': False, 'unit': 'meter', 'current_count': 55, 'current_speed': 59, 'shift': 1}"
2025-06-20T15:42:36.289137,32,7,"{'decimal_place': False, 'unit': 'meter', 'current_count': 55, 'current_speed': 59, 'shift': 1}"
2025-06-20T15:42:37.290309,32,7,"{'decimal_place': False, 'unit': 'meter', 'current_count': 55, 'current_speed': 45, 'shift': 1}"
2025-06-20T15:42:38.291610,32,7,"{'decimal_place': False, 'unit': 'meter', 'current_count': 55, 'current_speed': 45, 'shift': 1}"
2025-06-20T15:42:39.294589,32,7,"{'decimal_place': False, 'unit': 'meter', 'current_count': 55, 'current_speed': 45, 'shift': 1}"
2025-06-20T15:42:40.296826,32,7,"{'decimal_place': False, 'unit': 'meter', 'current_count': 55, 'current_speed': 45, 'shift': 1}"
2025-06-20T15:42:41.300203,32,7,"{'decimal_place': False, 'unit': 'meter', 'current_count': 55, 'current_speed': 45, 'shift': 1}"
2025-06-20T15:42:42.303532,32,7,"{'decimal_place': False, 'unit': 'meter', 'current_count': 55, 'current_speed': 45, 'shift': 1}"
2025-06-20T15:42:43.306049,32,7,"{'decimal_place': False, 'unit': 'meter', 'current_count': 56, 'current_speed': 74, 'shift': 1}"
2025-06-20T15:42:44.307253,32,7,"{'decimal_place': False, 'unit': 'meter', 'current_count': 57, 'current_speed': 74, 'shift': 1}"
2025-06-20T15:42:45.310890,32,7,"{'decimal_place': False, 'unit': 'meter', 'current_count': 58, 'current_speed': 74, 'shift': 1}"
2025-06-20T15:42:46.317847,32,7,"{'decimal_place': False, 'unit': 'meter', 'current_count': 59, 'current_speed': 74, 'shift': 1}"
2025-06-20T15:42:47.320403,32,7,"{'decimal_place': False, 'unit': 'meter', 'current_count': 60, 'current_speed': 74, 'shift': 1}"
2025-06-20T15:42:48.321845,32,7,"{'decimal_place': False, 'unit': 'meter', 'current_count': 61, 'current_speed': 74, 'shift': 1}"
2025-06-20T15:42:49.325111,32,7,"{'decimal_place': False, 'unit': 'meter', 'current_count': 62, 'current_speed': 74, 'shift': 1}"
2025-06-20T15:42:50.326808,32,7,"{'decimal_place': False, 'unit': 'meter', 'current_count': 63, 'current_speed': 74, 'shift': 1}"
2025-06-20T15:42:51.331488,32,7,"{'decimal_place': False, 'unit': 'meter', 'current_count': 64, 'current_speed': 74, 'shift': 1}"
2025-06-20T15:42:52.333323,32,7,"{'decimal_place': False, 'unit': 'meter', 'current_count': 65, 'current_speed': 90, 'shift': 1}"
2025-06-20T15:42:53.336223,32,7,"{'decimal_place': False, 'unit': 'meter', 'current_count': 66, 'current_speed': 90, 'shift': 1}"
2025-06-20T15:42:54.339854,32,7,"{'decimal_place': False, 'unit': 'meter', 'current_count': 67, 'current_speed': 90, 'shift': 1}"
2025-06-20T15:42:55.342123,32,7,"{'decimal_place': False, 'unit': 'meter', 'current_count': 68, 'current_speed': 90, 'shift': 1}"
2025-06-20T15:42:56.343402,32,7,"{'decimal_place': False, 'unit': 'meter', 'current_count': 68, 'current_speed': 4, 'shift': 1}"
2025-06-20T15:42:57.346456,32,7,"{'decimal_place': False, 'unit': 'meter', 'current_count': 68, 'current_speed': 4, 'shift': 1}"
2025-06-20T15:42:58.349096,32,7,"{'decimal_place': False, 'unit': 'meter', 'current_count': 68, 'current_speed': 4, 'shift': 1}"
2025-06-20T15:42:59.350480,32,7,"{'decimal_place': False, 'unit': 'meter', 'current_count': 68, 'current_speed': 4, 'shift': 1}"
2025-06-20T15:43:00.353488,32,7,"{'decimal_place': False, 'unit': 'meter', 'current_count': 68, 'current_speed': 4, 'shift': 1}"
2025-06-20T15:43:01.356681,32,7,"{'decimal_place': False, 'unit': 'meter', 'current_count': 68, 'current_speed': 4, 'shift': 1}"
2025-06-20T15:43:02.358692,32,7,"{'decimal_place': False, 'unit': 'meter', 'current_count': 68, 'current_speed': 55, 'shift': 1}"
2025-06-20T15:43:03.360042,32,7,"{'decimal_place': False, 'unit': 'meter', 'current_count': 68, 'current_speed': 55, 'shift': 1}"
2025-06-20T15:43:04.365609,32,7,"{'decimal_place': False, 'unit': 'meter', 'current_count': 68, 'current_speed': 55, 'shift': 1}"
2025-06-20T15:43:05.368649,32,7,"{'decimal_place': False, 'unit': 'meter', 'current_count': 68, 'current_speed': 55, 'shift': 1}"
2025-06-20T15:43:06.370259,32,7,"{'decimal_place': False, 'unit': 'meter', 'current_count': 68, 'current_speed': 33, 'shift': 1}"
2025-06-20T15:43:07.371743,32,7,"{'decimal_place': False, 'unit': 'meter', 'current_count': 68, 'current_speed': 33, 'shift': 1}"
2025-06-20T15:43:08.375297,32,7,"{'decimal_place': False, 'unit': 'meter', 'current_count': 68, 'current_speed': 33, 'shift': 1}"
2025-06-20T15:43:09.380438,32,7,"{'decimal_place': False, 'unit': 'meter', 'current_count': 68, 'current_speed': 33, 'shift': 1}"
2025-06-20T15:43:10.382345,32,7,"{'decimal_place': False, 'unit': 'meter', 'current_count': 68, 'current_speed': 33, 'shift': 1}"
2025-06-20T15:43:11.389777,32,7,"{'decimal_place': False, 'unit': 'meter', 'current_count': 68, 'current_speed': 33, 'shift': 1}"
2025-06-20T15:43:12.393103,32,7,"{'decimal_place': False, 'unit': 'meter', 'current_count': 68, 'current_speed': 33, 'shift': 1}"
2025-06-20T15:43:13.397729,32,7,"{'decimal_place': False, 'unit': 'meter', 'current_count': 68, 'current_speed': 33, 'shift': 1}"
2025-06-20T15:43:14.398813,32,7,"{'decimal_place': False, 'unit': 'meter', 'current_count': 68, 'current_speed': 33, 'shift': 1}"
2025-06-20T15:43:15.401268,32,7,"{'decimal_place': False, 'unit': 'meter', 'current_count': 68, 'current_speed': 33, 'shift': 1}"
2025-06-20T15:43:16.404229,32,7,"{'decimal_place': False, 'unit': 'meter', 'current_count': 68, 'current_speed': 44, 'shift': 1}"
2025-06-20T15:43:17.406157,32,7,"{'decimal_place': False, 'unit': 'meter', 'current_count': 68, 'current_speed': 44, 'shift': 1}"
2025-06-20T15:43:18.407334,32,7,"{'decimal_place': False, 'unit': 'meter', 'current_count': 68, 'current_speed': 44, 'shift': 1}"
2025-06-20T15:43:19.413286,32,7,"{'decimal_place': False, 'unit': 'meter', 'current_count': 68, 'current_speed': 57, 'shift': 1}"
2025-06-20T15:43:20.416810,32,7,"{'decimal_place': False, 'unit': 'meter', 'current_count': 68, 'current_speed': 57, 'shift': 1}"
2025-06-20T15:43:21.419437,32,7,"{'decimal_place': False, 'unit': 'meter', 'current_count': 68, 'current_speed': 57, 'shift': 1}"
2025-06-20T15:43:22.421536,32,7,"{'decimal_place': False, 'unit': 'meter', 'current_count': 69, 'current_speed': 100, 'shift': 1}"
2025-06-20T15:43:23.423866,32,7,"{'decimal_place': False, 'unit': 'meter', 'current_count': 69, 'current_speed': 42, 'shift': 1}"
2025-06-20T15:43:24.427233,32,7,"{'decimal_place': False, 'unit': 'meter', 'current_count': 69, 'current_speed': 42, 'shift': 1}"
2025-06-20T15:43:25.430247,32,7,"{'decimal_place': False, 'unit': 'meter', 'current_count': 69, 'current_speed': 42, 'shift': 1}"
2025-06-20T15:43:26.433062,32,7,"{'decimal_place': False, 'unit': 'meter', 'current_count': 69, 'current_speed': 42, 'shift': 1}"
2025-06-20T15:43:27.435703,32,7,"{'decimal_place': False, 'unit': 'meter', 'current_count': 69, 'current_speed': 42, 'shift': 1}"
2025-06-20T15:43:28.437821,32,7,"{'decimal_place': False, 'unit': 'meter', 'current_count': 69, 'current_speed': 42, 'shift': 1}"
2025-06-20T15:43:29.439154,32,7,"{'decimal_place': False, 'unit': 'meter', 'current_count': 69, 'current_speed': 42, 'shift': 1}"
2025-06-20T15:43:30.442268,32,7,"{'decimal_place': False, 'unit': 'meter', 'current_count': 69, 'current_speed': 42, 'shift': 1}"
2025-06-20T15:43:31.448106,32,7,"{'decimal_place': False, 'unit': 'meter', 'current_count': 69, 'current_speed': 42, 'shift': 1}"
2025-06-20T15:43:32.449785,32,7,"{'decimal_place': False, 'unit': 'meter', 'current_count': 69, 'current_speed': 42, 'shift': 1}"
2025-06-20T15:43:33.451496,32,7,"{'decimal_place': False, 'unit': 'meter', 'current_count': 69, 'current_speed': 42, 'shift': 1}"
2025-06-20T15:43:34.454223,32,7,"{'decimal_place': False, 'unit': 'meter', 'current_count': 69, 'current_speed': 42, 'shift': 1}"
2025-06-20T15:43:35.457604,32,7,"{'decimal_place': False, 'unit': 'meter', 'current_count': 69, 'current_speed': 42, 'shift': 1}"
2025-06-20T15:43:36.458771,32,7,"{'decimal_place': False, 'unit': 'meter', 'current_count': 69, 'current_speed': 42, 'shift': 1}"
2025-06-20T15:43:37.465588,32,7,"{'decimal_place': False, 'unit': 'meter', 'current_count': 69, 'current_speed': 42, 'shift': 1}"
2025-06-20T15:43:38.468624,32,7,"{'decimal_place': False, 'unit': 'meter', 'current_count': 69, 'current_speed': 42, 'shift': 1}"
2025-06-20T15:43:39.471053,32,7,"{'decimal_place': False, 'unit': 'meter', 'current_count': 69, 'current_speed': 42, 'shift': 1}"
2025-06-20T15:43:40.472345,32,7,"{'decimal_place': False, 'unit': 'meter', 'current_count': 69, 'current_speed': 42, 'shift': 1}"
2025-06-20T15:43:41.475059,32,7,"{'decimal_place': False, 'unit': 'meter', 'current_count': 69, 'current_speed': 42, 'shift': 1}"
2025-06-20T15:43:42.481598,32,7,"{'decimal_place': False, 'unit': 'meter', 'current_count': 69, 'current_speed': 42, 'shift': 1}"
2025-06-20T15:43:43.483679,32,7,"{'decimal_place': False, 'unit': 'meter', 'current_count': 70, 'current_speed': 83, 'shift': 1}"
2025-06-20T15:43:44.485182,32,7,"{'decimal_place': False, 'unit': 'meter', 'current_count': 71, 'current_speed': 83, 'shift': 1}"
2025-06-20T15:43:45.487939,32,7,"{'decimal_place': False, 'unit': 'meter', 'current_count': 72, 'current_speed': 83, 'shift': 1}"
2025-06-20T15:43:46.490510,32,7,"{'decimal_place': False, 'unit': 'meter', 'current_count': 72, 'current_speed': 40, 'shift': 1}"
2025-06-20T15:43:47.492676,32,7,"{'decimal_place': False, 'unit': 'meter', 'current_count': 72, 'current_speed': 40, 'shift': 1}"
2025-06-20T15:43:48.497564,32,7,"{'decimal_place': False, 'unit': 'meter', 'current_count': 72, 'current_speed': 40, 'shift': 1}"
2025-06-20T15:43:49.500018,32,7,"{'decimal_place': False, 'unit': 'meter', 'current_count': 73, 'current_speed': 64, 'shift': 1}"
2025-06-20T15:43:50.501886,32,7,"{'decimal_place': False, 'unit': 'meter', 'current_count': 74, 'current_speed': 64, 'shift': 1}"
2025-06-20T15:43:51.503554,32,7,"{'decimal_place': False, 'unit': 'meter', 'current_count': 75, 'current_speed': 64, 'shift': 1}"
2025-06-20T15:43:52.505919,32,7,"{'decimal_place': False, 'unit': 'meter', 'current_count': 76, 'current_speed': 64, 'shift': 1}"
2025-06-20T15:43:53.509082,32,7,"{'decimal_place': False, 'unit': 'meter', 'current_count': 77, 'current_speed': 64, 'shift': 1}"
2025-06-20T15:43:54.511762,32,7,"{'decimal_place': False, 'unit': 'meter', 'current_count': 78, 'current_speed': 64, 'shift': 1}"
2025-06-20T15:43:55.513555,32,7,"{'decimal_place': False, 'unit': 'meter', 'current_count': 79, 'current_speed': 64, 'shift': 1}"
2025-06-20T15:43:56.515446,32,7,"{'decimal_place': False, 'unit': 'meter', 'current_count': 80, 'current_speed': 64, 'shift': 1}"
2025-06-20T15:43:57.517994,32,7,"{'decimal_place': False, 'unit': 'meter', 'current_count': 80, 'current_speed': 41, 'shift': 1}"
2025-06-20T15:43:58.520048,32,7,"{'decimal_place': False, 'unit': 'meter', 'current_count': 80, 'current_speed': 41, 'shift': 1}"
2025-06-20T15:43:59.522963,32,7,"{'decimal_place': False, 'unit': 'meter', 'current_count': 80, 'current_speed': 53, 'shift': 1}"
2025-06-20T15:44:00.526127,32,7,"{'decimal_place': False, 'unit': 'meter', 'current_count': 81, 'current_speed': 89, 'shift': 1}"
2025-06-20T15:44:01.529529,32,7,"{'decimal_place': False, 'unit': 'meter', 'current_count': 82, 'current_speed': 89, 'shift': 1}"
2025-06-20T15:44:02.531378,32,7,"{'decimal_place': False, 'unit': 'meter', 'current_count': 83, 'current_speed': 89, 'shift': 1}"
2025-06-20T15:44:03.533913,32,7,"{'decimal_place': False, 'unit': 'meter', 'current_count': 84, 'current_speed': 89, 'shift': 1}"
2025-06-20T15:44:04.536945,32,7,"{'decimal_place': False, 'unit': 'meter', 'current_count': 85, 'current_speed': 89, 'shift': 1}"
2025-06-20T15:44:05.539697,32,7,"{'decimal_place': False, 'unit': 'meter', 'current_count': 86, 'current_speed': 89, 'shift': 1}"
2025-06-20T15:44:06.542710,32,7,"{'decimal_place': False, 'unit': 'meter', 'current_count': 87, 'current_speed': 89, 'shift': 1}"
2025-06-20T15:44:07.547141,32,7,"{'decimal_place': False, 'unit': 'meter', 'current_count': 88, 'current_speed': 89, 'shift': 1}"
2025-06-20T15:44:08.549658,32,7,"{'decimal_place': False, 'unit': 'meter', 'current_count': 89, 'current_speed': 73, 'shift': 1}"
2025-06-20T15:44:09.551299,32,7,"{'decimal_place': False, 'unit': 'meter', 'current_count': 90, 'current_speed': 73, 'shift': 1}"
2025-06-20T15:44:10.552753,32,7,"{'decimal_place': False, 'unit': 'meter', 'current_count': 91, 'current_speed': 70, 'shift': 1}"
2025-06-20T15:44:11.555436,32,7,"{'decimal_place': False, 'unit': 'meter', 'current_count': 92, 'current_speed': 77, 'shift': 1}"
2025-06-20T15:44:12.561438,32,7,"{'decimal_place': False, 'unit': 'meter', 'current_count': 93, 'current_speed': 73, 'shift': 1}"
2025-06-20T15:44:13.562659,32,7,"{'decimal_place': False, 'unit': 'meter', 'current_count': 94, 'current_speed': 73, 'shift': 1}"
2025-06-20T15:44:14.564815,32,7,"{'decimal_place': False, 'unit': 'meter', 'current_count': 95, 'current_speed': 73, 'shift': 1}"
2025-06-20T15:44:15.567407,32,7,"{'decimal_place': False, 'unit': 'meter', 'current_count': 96, 'current_speed': 73, 'shift': 1}"
2025-06-20T15:44:16.570111,32,7,"{'decimal_place': False, 'unit': 'meter', 'current_count': 97, 'current_speed': 73, 'shift': 1}"
2025-06-20T15:44:17.572308,32,7,"{'decimal_place': False, 'unit': 'meter', 'current_count': 98, 'current_speed': 73, 'shift': 1}"
2025-06-20T15:44:18.577991,32,7,"{'decimal_place': False, 'unit': 'meter', 'current_count': 99, 'current_speed': 73, 'shift': 1}"
2025-06-20T15:44:19.580725,32,7,"{'decimal_place': False, 'unit': 'meter', 'current_count': 100, 'current_speed': 73, 'shift': 1}"
2025-06-20T15:44:20.582850,32,7,"{'decimal_place': False, 'unit': 'meter', 'current_count': 101, 'current_speed': 73, 'shift': 1}"
2025-06-20T15:44:21.584494,32,7,"{'decimal_place': False, 'unit': 'meter', 'current_count': 102, 'current_speed': 73, 'shift': 1}"
2025-06-20T15:44:22.587232,32,7,"{'decimal_place': False, 'unit': 'meter', 'current_count': 103, 'current_speed': 73, 'shift': 1}"
2025-06-20T15:44:23.589467,32,7,"{'decimal_place': False, 'unit': 'meter', 'current_count': 104, 'current_speed': 73, 'shift': 1}"
2025-06-20T15:44:24.590549,32,7,"{'decimal_place': False, 'unit': 'meter', 'current_count': 105, 'current_speed': 73, 'shift': 1}"
2025-06-20T15:44:25.596166,32,7,"{'decimal_place': False, 'unit': 'meter', 'current_count': 106, 'current_speed': 73, 'shift': 1}"
2025-06-20T15:44:26.598547,32,7,"{'decimal_place': False, 'unit': 'meter', 'current_count': 107, 'current_speed': 73, 'shift': 1}"
2025-06-20T15:44:27.600887,32,7,"{'decimal_place': False, 'unit': 'meter', 'current_count': 108, 'current_speed': 73, 'shift': 1}"
2025-06-20T15:44:28.602239,32,7,"{'decimal_place': False, 'unit': 'meter', 'current_count': 109, 'current_speed': 73, 'shift': 1}"
2025-06-20T15:44:29.605256,32,7,"{'decimal_place': False, 'unit': 'meter', 'current_count': 110, 'current_speed': 73, 'shift': 1}"
2025-06-20T15:44:30.609334,32,7,"{'decimal_place': False, 'unit': 'meter', 'current_count': 111, 'current_speed': 73, 'shift': 1}"
2025-06-20T15:44:31.611030,32,7,"{'decimal_place': False, 'unit': 'meter', 'current_count': 112, 'current_speed': 73, 'shift': 1}"
2025-06-20T15:44:32.613896,32,7,"{'decimal_place': False, 'unit': 'meter', 'current_count': 113, 'current_speed': 73, 'shift': 1}"
2025-06-20T15:44:33.616707,32,7,"{'decimal_place': False, 'unit': 'meter', 'current_count': 114, 'current_speed': 73, 'shift': 1}"
2025-06-20T15:44:34.619620,32,7,"{'decimal_place': False, 'unit': 'meter', 'current_count': 115, 'current_speed': 73, 'shift': 1}"
2025-06-20T15:44:35.621937,32,7,"{'decimal_place': False, 'unit': 'meter', 'current_count': 116, 'current_speed': 73, 'shift': 1}"
2025-06-20T15:44:36.626721,32,7,"{'decimal_place': False, 'unit': 'meter', 'current_count': 117, 'current_speed': 73, 'shift': 1}"
2025-06-20T15:44:37.630064,32,7,"{'decimal_place': False, 'unit': 'meter', 'current_count': 118, 'current_speed': 73, 'shift': 1}"
2025-06-20T15:44:38.632323,32,7,"{'decimal_place': False, 'unit': 'meter', 'current_count': 119, 'current_speed': 73, 'shift': 1}"
2025-06-20T15:44:39.634194,32,7,"{'decimal_place': False, 'unit': 'meter', 'current_count': 120, 'current_speed': 73, 'shift': 1}"
2025-06-20T15:44:40.636902,32,7,"{'decimal_place': False, 'unit': 'meter', 'current_count': 121, 'current_speed': 73, 'shift': 1}"
2025-06-20T15:44:41.640787,32,7,"{'decimal_place': False, 'unit': 'meter', 'current_count': 122, 'current_speed': 73, 'shift': 1}"
2025-06-20T15:44:42.643774,32,7,"{'decimal_place': False, 'unit': 'meter', 'current_count': 123, 'current_speed': 73, 'shift': 1}"
2025-06-20T15:44:43.645386,32,7,"{'decimal_place': False, 'unit': 'meter', 'current_count': 124, 'current_speed': 73, 'shift': 1}"
2025-06-20T15:44:44.648345,32,7,"{'decimal_place': False, 'unit': 'meter', 'current_count': 124, 'current_speed': 6, 'shift': 1}"
2025-06-20T15:44:45.651104,32,7,"{'decimal_place': False, 'unit': 'meter', 'current_count': 124, 'current_speed': 27, 'shift': 1}"
2025-06-20T15:44:46.652755,32,7,"{'decimal_place': False, 'unit': 'meter', 'current_count': 124, 'current_speed': 27, 'shift': 1}"
2025-06-20T15:44:47.655520,32,7,"{'decimal_place': False, 'unit': 'meter', 'current_count': 124, 'current_speed': 27, 'shift': 1}"
2025-06-20T15:44:48.658784,32,7,"{'decimal_place': False, 'unit': 'meter', 'current_count': 124, 'current_speed': 27, 'shift': 1}"
2025-06-20T15:44:49.659808,32,7,"{'decimal_place': False, 'unit': 'meter', 'current_count': 124, 'current_speed': 27, 'shift': 1}"
2025-06-20T15:44:50.661605,32,7,"{'decimal_place': False, 'unit': 'meter', 'current_count': 124, 'current_speed': 27, 'shift': 1}"
2025-06-20T15:44:51.664304,32,7,"{'decimal_place': False, 'unit': 'meter', 'current_count': 124, 'current_speed': 27, 'shift': 1}"
2025-06-20T15:44:52.667066,32,7,"{'decimal_place': False, 'unit': 'meter', 'current_count': 124, 'current_speed': 27, 'shift': 1}"
2025-06-20T15:44:53.668020,32,7,"{'decimal_place': False, 'unit': 'meter', 'current_count': 124, 'current_speed': 27, 'shift': 1}"
2025-06-20T15:44:54.669603,32,7,"{'decimal_place': False, 'unit': 'meter', 'current_count': 124, 'current_speed': 27, 'shift': 1}"
2025-06-20T15:44:55.670815,32,7,"{'decimal_place': False, 'unit': 'meter', 'current_count': 124, 'current_speed': 27, 'shift': 1}"
2025-06-20T15:44:56.672014,32,7,"{'decimal_place': False, 'unit': 'meter', 'current_count': 124, 'current_speed': 27, 'shift': 1}"
2025-06-20T15:44:57.673453,32,7,"{'decimal_place': False, 'unit': 'meter', 'current_count': 124, 'current_speed': 27, 'shift': 1}"
2025-06-20T15:44:58.675569,32,7,"{'decimal_place': False, 'unit': 'meter', 'current_count': 124, 'current_speed': 49, 'shift': 1}"
2025-06-20T15:44:59.677178,32,7,"{'decimal_place': False, 'unit': 'meter', 'current_count': 124, 'current_speed': 49, 'shift': 1}"
2025-06-20T15:45:00.678815,32,7,"{'decimal_place': False, 'unit': 'meter', 'current_count': 124, 'current_speed': 49, 'shift': 1}"
2025-06-20T15:45:01.681018,32,7,"{'decimal_place': False, 'unit': 'meter', 'current_count': 124, 'current_speed': 49, 'shift': 1}"
2025-06-20T15:45:02.683579,32,7,"{'decimal_place': False, 'unit': 'meter', 'current_count': 124, 'current_speed': 49, 'shift': 1}"
